"0","# corpus_5 meta ----"
"0","corpus_5_meta <- data.frame(corpus_5[,c(1,3:6)])"
"0","# corpus_5 textProcessor ----"
"0","corpus_5_pro <- textProcessor(documents = corpus_5$text,metadata = corpus_5_meta)"
"1","Building corpus... 
"
"1","Converting to Lower Case... 
"
"1","Removing punctuation... 
"
"1","Removing stopwords... 
"
"1","Removing numbers... 
"
"1","Stemming... 
"
"1","Creating Output... 
"
"0","# corpus_5 @ 5tokens prepDocuments ----"
"0","corpus_5_prep <- prepDocuments(corpus_5_pro$documents, corpus_5_pro$vocab, corpus_5_pro$meta, lower.thresh = 5)"
"1","Removing 36463 of 50938 terms (57434 of 5169003 tokens) due to frequency 
"
"1","Your corpus now has 7507 documents, 14475 terms and 5111569 tokens."
"0","# Estimate STM ----"
"0","prev_1 <- stm(documents = corpus_5_prep$documents, "
"0","              vocab = corpus_5_prep$vocab, "
"0","              K = 18, "
"0","              prevalence = ~P5, "
"0","              data = corpus_5_prep$meta, "
"0","              init.type = ""Spectral"")"
"1","Beginning Spectral Initialization 
"
"1","	 Calculating the gram matrix...
"
"1","	 Using only 10000 most frequent terms during initialization...
"
"1","	 Finding anchor words...
 	"
"1","."
"1","."
"1","."
"1","."
"1","."
"1","."
"1","."
"1","."
"1","."
"1","."
"1","."
"1","."
"1","."
"1","."
"1","."
"1","."
"1","."
"1","."
"1","
	 Recovering initialization...
 	"
"1","."
"1","."
"1","."
"1","."
"1","."
"1","."
"1","."
"1","."
"1","."
"1","."
"1","."
"1","."
"1","."
"1","."
"1","."
"1","."
"1","."
"1","."
"1","."
"1","."
"1","."
"1","."
"1","."
"1","."
"1","."
"1","."
"1","."
"1","."
"1","."
"1","."
"1","."
"1","."
"1","."
"1","."
"1","."
"1","."
"1","."
"1","."
"1","."
"1","."
"1","."
"1","."
"1","."
"1","."
"1","."
"1","."
"1","."
"1","."
"1","."
"1","."
"1","."
"1","."
"1","."
"1","."
"1","."
"1","."
"1","."
"1","."
"1","."
"1","."
"1","."
"1","."
"1","."
"1","."
"1","."
"1","."
"1","."
"1","."
"1","."
"1","."
"1","."
"1","."
"1","."
"1","."
"1","."
"1","."
"1","."
"1","."
"1","."
"1","."
"1","."
"1","."
"1","."
"1","."
"1","."
"1","."
"1","."
"1","."
"1","."
"1","."
"1","."
"1","."
"1","."
"1","."
"1","."
"1","."
"1","."
"1","."
"1","."
"1","."
"1","
"
"1","Initialization complete.
"
"1","."
"1","."
"1","."
"1","."
"1","."
"1","."
"1","."
"1","."
"1","."
"1","."
"1","."
"1","."
"1","."
"1","."
"1","."
"1","."
"1","."
"1","."
"1","."
"1","."
"1","."
"1","."
"1","."
"1","."
"1","."
"1","."
"1","."
"1","."
"1","."
"1","."
"1","."
"1","."
"1","."
"1","."
"1","."
"1","."
"1","."
"1","."
"1","."
"1","."
"1","."
"1","."
"1","."
"1","."
"1","."
"1","."
"1","."
"1","."
"1","."
"1","."
"1","."
"1","."
"1","."
"1","."
"1","."
"1","."
"1","."
"1","."
"1","."
"1","."
"1","."
"1","."
"1","."
"1","."
"1","."
"1","."
"1","."
"1","."
"1","."
"1","."
"1","."
"1","."
"1","."
"1","."
"1","."
"1","."
"1","."
"1","."
"1","."
"1","."
"1","."
"1","."
"1","."
"1","."
"1","."
"1","."
"1","."
"1","."
"1","."
"1","."
"1","."
"1","."
"1","."
"1","."
"1","."
"1","."
"1","."
"1","."
"1","."
"1","."
"1","
"
"1","Completed E-Step (35 seconds). 
"
"1","Completed M-Step. 
"
"1","Completing Iteration 1 (approx. per word bound = -7.280) 
"
"1","."
"1","."
"1","."
"1","."
"1","."
"1","."
"1","."
"1","."
"1","."
"1","."
"1","."
"1","."
"1","."
"1","."
"1","."
"1","."
"1","."
"1","."
"1","."
"1","."
"1","."
"1","."
"1","."
"1","."
"1","."
"1","."
"1","."
"1","."
"1","."
"1","."
"1","."
"1","."
"1","."
"1","."
"1","."
"1","."
"1","."
"1","."
"1","."
"1","."
"1","."
"1","."
"1","."
"1","."
"1","."
"1","."
"1","."
"1","."
"1","."
"1","."
"1","."
"1","."
"1","."
"1","."
"1","."
"1","."
"1","."
"1","."
"1","."
"1","."
"1","."
"1","."
"1","."
"1","."
"1","."
"1","."
"1","."
"1","."
"1","."
"1","."
"1","."
"1","."
"1","."
"1","."
"1","."
"1","."
"1","."
"1","."
"1","."
"1","."
"1","."
"1","."
"1","."
"1","."
"1","."
"1","."
"1","."
"1","."
"1","."
"1","."
"1","."
"1","."
"1","."
"1","."
"1","."
"1","."
"1","."
"1","."
"1","."
"1","."
"1","
"
"1","Completed E-Step (30 seconds). 
"
"1","Completed M-Step. 
"
"1","Completing Iteration 2 (approx. per word bound = -7.210, relative change = 9.527e-03) 
"
"1","."
"1","."
"1","."
"1","."
"1","."
"1","."
"1","."
"1","."
"1","."
"1","."
"1","."
"1","."
"1","."
"1","."
"1","."
"1","."
"1","."
"1","."
"1","."
"1","."
"1","."
"1","."
"1","."
"1","."
"1","."
"1","."
"1","."
"1","."
"1","."
"1","."
"1","."
"1","."
"1","."
"1","."
"1","."
"1","."
"1","."
"1","."
"1","."
"1","."
"1","."
"1","."
"1","."
"1","."
"1","."
"1","."
"1","."
"1","."
"1","."
"1","."
"1","."
"1","."
"1","."
"1","."
"1","."
"1","."
"1","."
"1","."
"1","."
"1","."
"1","."
"1","."
"1","."
"1","."
"1","."
"1","."
"1","."
"1","."
"1","."
"1","."
"1","."
"1","."
"1","."
"1","."
"1","."
"1","."
"1","."
"1","."
"1","."
"1","."
"1","."
"1","."
"1","."
"1","."
"1","."
"1","."
"1","."
"1","."
"1","."
"1","."
"1","."
"1","."
"1","."
"1","."
"1","."
"1","."
"1","."
"1","."
"1","."
"1","."
"1","
"
"1","Completed E-Step (21 seconds). 
"
"1","Completed M-Step. 
"
"1","Completing Iteration 3 (approx. per word bound = -7.196, relative change = 1.968e-03) 
"
"1","."
"1","."
"1","."
"1","."
"1","."
"1","."
"1","."
"1","."
"1","."
"1","."
"1","."
"1","."
"1","."
"1","."
"1","."
"1","."
"1","."
"1","."
"1","."
"1","."
"1","."
"1","."
"1","."
"1","."
"1","."
"1","."
"1","."
"1","."
"1","."
"1","."
"1","."
"1","."
"1","."
"1","."
"1","."
"1","."
"1","."
"1","."
"1","."
"1","."
"1","."
"1","."
"1","."
"1","."
"1","."
"1","."
"1","."
"1","."
"1","."
"1","."
"1","."
"1","."
"1","."
"1","."
"1","."
"1","."
"1","."
"1","."
"1","."
"1","."
"1","."
"1","."
"1","."
"1","."
"1","."
"1","."
"1","."
"1","."
"1","."
"1","."
"1","."
"1","."
"1","."
"1","."
"1","."
"1","."
"1","."
"1","."
"1","."
"1","."
"1","."
"1","."
"1","."
"1","."
"1","."
"1","."
"1","."
"1","."
"1","."
"1","."
"1","."
"1","."
"1","."
"1","."
"1","."
"1","."
"1","."
"1","."
"1","."
"1","."
"1","
"
"1","Completed E-Step (19 seconds). 
"
"1","Completed M-Step. 
"
"1","Completing Iteration 4 (approx. per word bound = -7.190, relative change = 9.001e-04) 
"
"1","."
"1","."
"1","."
"1","."
"1","."
"1","."
"1","."
"1","."
"1","."
"1","."
"1","."
"1","."
"1","."
"1","."
"1","."
"1","."
"1","."
"1","."
"1","."
"1","."
"1","."
"1","."
"1","."
"1","."
"1","."
"1","."
"1","."
"1","."
"1","."
"1","."
"1","."
"1","."
"1","."
"1","."
"1","."
"1","."
"1","."
"1","."
"1","."
"1","."
"1","."
"1","."
"1","."
"1","."
"1","."
"1","."
"1","."
"1","."
"1","."
"1","."
"1","."
"1","."
"1","."
"1","."
"1","."
"1","."
"1","."
"1","."
"1","."
"1","."
"1","."
"1","."
"1","."
"1","."
"1","."
"1","."
"1","."
"1","."
"1","."
"1","."
"1","."
"1","."
"1","."
"1","."
"1","."
"1","."
"1","."
"1","."
"1","."
"1","."
"1","."
"1","."
"1","."
"1","."
"1","."
"1","."
"1","."
"1","."
"1","."
"1","."
"1","."
"1","."
"1","."
"1","."
"1","."
"1","."
"1","."
"1","."
"1","."
"1","."
"1","
"
"1","Completed E-Step (19 seconds). 
"
"1","Completed M-Step. 
"
"1","Completing Iteration 5 (approx. per word bound = -7.186, relative change = 5.180e-04) 
"
"1","Topic 1: state, peac, intern, unit, nation 
"
"1"," "
"1","Topic 2: develop, nation, unit, countri, global 
"
"1"," "
"1","Topic 3: peopl, countri, state, unit, nation 
"
"1"," "
"1","Topic 4: nation, unit, will, world, state 
"
"1"," "
"1","Topic 5: nation, unit, human, intern, right 
"
"1"," "
"1","Topic 6: intern, secur, peac, countri, nation 
"
"1"," "
"1","Topic 7: countri, nation, intern, peac, develop 
"
"1"," "
"1","Topic 8: intern, nation, peac, israel, unit 
"
"1"," "
"1","Topic 9: countri, develop, intern, nation, africa 
"
"1"," "
"1","Topic 10: nation, unit, develop, world, intern 
"
"1"," "
"1","Topic 11: intern, nation, unit, will, countri 
"
"1"," "
"1","Topic 12: world, nation, peopl, will, must 
"
"1"," "
"1","Topic 13: countri, intern, develop, nation, econom 
"
"1"," "
"1","Topic 14: nation, countri, will, state, peopl 
"
"1"," "
"1","Topic 15: nation, peac, unit, develop, intern 
"
"1"," "
"1","Topic 16: intern, nation, unit, develop, secur 
"
"1"," "
"1","Topic 17: nation, world, will, develop, countri 
"
"1"," "
"1","Topic 18: will, world, nuclear, can, countri 
"
"1","."
"1","."
"1","."
"1","."
"1","."
"1","."
"1","."
"1","."
"1","."
"1","."
"1","."
"1","."
"1","."
"1","."
"1","."
"1","."
"1","."
"1","."
"1","."
"1","."
"1","."
"1","."
"1","."
"1","."
"1","."
"1","."
"1","."
"1","."
"1","."
"1","."
"1","."
"1","."
"1","."
"1","."
"1","."
"1","."
"1","."
"1","."
"1","."
"1","."
"1","."
"1","."
"1","."
"1","."
"1","."
"1","."
"1","."
"1","."
"1","."
"1","."
"1","."
"1","."
"1","."
"1","."
"1","."
"1","."
"1","."
"1","."
"1","."
"1","."
"1","."
"1","."
"1","."
"1","."
"1","."
"1","."
"1","."
"1","."
"1","."
"1","."
"1","."
"1","."
"1","."
"1","."
"1","."
"1","."
"1","."
"1","."
"1","."
"1","."
"1","."
"1","."
"1","."
"1","."
"1","."
"1","."
"1","."
"1","."
"1","."
"1","."
"1","."
"1","."
"1","."
"1","."
"1","."
"1","."
"1","."
"1","."
"1","."
"1","."
"1","
"
"1","Completed E-Step (20 seconds). 
"
"1","Completed M-Step. 
"
"1","Completing Iteration 6 (approx. per word bound = -7.184, relative change = 3.325e-04) 
"
"1","."
"1","."
"1","."
"1","."
"1","."
"1","."
"1","."
"1","."
"1","."
"1","."
"1","."
"1","."
"1","."
"1","."
"1","."
"1","."
"1","."
"1","."
"1","."
"1","."
"1","."
"1","."
"1","."
"1","."
"1","."
"1","."
"1","."
"1","."
"1","."
"1","."
"1","."
"1","."
"1","."
"1","."
"1","."
"1","."
"1","."
"1","."
"1","."
"1","."
"1","."
"1","."
"1","."
"1","."
"1","."
"1","."
"1","."
"1","."
"1","."
"1","."
"1","."
"1","."
"1","."
"1","."
"1","."
"1","."
"1","."
"1","."
"1","."
"1","."
"1","."
"1","."
"1","."
"1","."
"1","."
"1","."
"1","."
"1","."
"1","."
"1","."
"1","."
"1","."
"1","."
"1","."
"1","."
"1","."
"1","."
"1","."
"1","."
"1","."
"1","."
"1","."
"1","."
"1","."
"1","."
"1","."
"1","."
"1","."
"1","."
"1","."
"1","."
"1","."
"1","."
"1","."
"1","."
"1","."
"1","."
"1","."
"1","."
"1","."
"1","
"
"1","Completed E-Step (18 seconds). 
"
"1","Completed M-Step. 
"
"1","Completing Iteration 7 (approx. per word bound = -7.182, relative change = 2.339e-04) 
"
"1","."
"1","."
"1","."
"1","."
"1","."
"1","."
"1","."
"1","."
"1","."
"1","."
"1","."
"1","."
"1","."
"1","."
"1","."
"1","."
"1","."
"1","."
"1","."
"1","."
"1","."
"1","."
"1","."
"1","."
"1","."
"1","."
"1","."
"1","."
"1","."
"1","."
"1","."
"1","."
"1","."
"1","."
"1","."
"1","."
"1","."
"1","."
"1","."
"1","."
"1","."
"1","."
"1","."
"1","."
"1","."
"1","."
"1","."
"1","."
"1","."
"1","."
"1","."
"1","."
"1","."
"1","."
"1","."
"1","."
"1","."
"1","."
"1","."
"1","."
"1","."
"1","."
"1","."
"1","."
"1","."
"1","."
"1","."
"1","."
"1","."
"1","."
"1","."
"1","."
"1","."
"1","."
"1","."
"1","."
"1","."
"1","."
"1","."
"1","."
"1","."
"1","."
"1","."
"1","."
"1","."
"1","."
"1","."
"1","."
"1","."
"1","."
"1","."
"1","."
"1","."
"1","."
"1","."
"1","."
"1","."
"1","."
"1","."
"1","."
"1","
"
"1","Completed E-Step (18 seconds). 
"
"1","Completed M-Step. 
"
"1","Completing Iteration 8 (approx. per word bound = -7.181, relative change = 1.744e-04) 
"
"1","."
"1","."
"1","."
"1","."
"1","."
"1","."
"1","."
"1","."
"1","."
"1","."
"1","."
"1","."
"1","."
"1","."
"1","."
"1","."
"1","."
"1","."
"1","."
"1","."
"1","."
"1","."
"1","."
"1","."
"1","."
"1","."
"1","."
"1","."
"1","."
"1","."
"1","."
"1","."
"1","."
"1","."
"1","."
"1","."
"1","."
"1","."
"1","."
"1","."
"1","."
"1","."
"1","."
"1","."
"1","."
"1","."
"1","."
"1","."
"1","."
"1","."
"1","."
"1","."
"1","."
"1","."
"1","."
"1","."
"1","."
"1","."
"1","."
"1","."
"1","."
"1","."
"1","."
"1","."
"1","."
"1","."
"1","."
"1","."
"1","."
"1","."
"1","."
"1","."
"1","."
"1","."
"1","."
"1","."
"1","."
"1","."
"1","."
"1","."
"1","."
"1","."
"1","."
"1","."
"1","."
"1","."
"1","."
"1","."
"1","."
"1","."
"1","."
"1","."
"1","."
"1","."
"1","."
"1","."
"1","."
"1","."
"1","."
"1","."
"1","
"
"1","Completed E-Step (18 seconds). 
"
"1","Completed M-Step. 
"
"1","Completing Iteration 9 (approx. per word bound = -7.180, relative change = 1.360e-04) 
"
"1","."
"1","."
"1","."
"1","."
"1","."
"1","."
"1","."
"1","."
"1","."
"1","."
"1","."
"1","."
"1","."
"1","."
"1","."
"1","."
"1","."
"1","."
"1","."
"1","."
"1","."
"1","."
"1","."
"1","."
"1","."
"1","."
"1","."
"1","."
"1","."
"1","."
"1","."
"1","."
"1","."
"1","."
"1","."
"1","."
"1","."
"1","."
"1","."
"1","."
"1","."
"1","."
"1","."
"1","."
"1","."
"1","."
"1","."
"1","."
"1","."
"1","."
"1","."
"1","."
"1","."
"1","."
"1","."
"1","."
"1","."
"1","."
"1","."
"1","."
"1","."
"1","."
"1","."
"1","."
"1","."
"1","."
"1","."
"1","."
"1","."
"1","."
"1","."
"1","."
"1","."
"1","."
"1","."
"1","."
"1","."
"1","."
"1","."
"1","."
"1","."
"1","."
"1","."
"1","."
"1","."
"1","."
"1","."
"1","."
"1","."
"1","."
"1","."
"1","."
"1","."
"1","."
"1","."
"1","."
"1","."
"1","."
"1","."
"1","."
"1","
"
"1","Completed E-Step (19 seconds). 
"
"1","Completed M-Step. 
"
"1","Completing Iteration 10 (approx. per word bound = -7.179, relative change = 1.094e-04) 
"
"1","Topic 1: state, peac, intern, unit, nation 
"
"1"," "
"1","Topic 2: develop, nation, countri, unit, global 
"
"1"," "
"1","Topic 3: peopl, countri, unit, state, nation 
"
"1"," "
"1","Topic 4: nation, unit, state, world, will 
"
"1"," "
"1","Topic 5: nation, unit, human, right, intern 
"
"1"," "
"1","Topic 6: intern, secur, peac, countri, state 
"
"1"," "
"1","Topic 7: countri, intern, peac, develop, nation 
"
"1"," "
"1","Topic 8: israel, peac, intern, nation, unit 
"
"1"," "
"1","Topic 9: countri, develop, intern, africa, nation 
"
"1"," "
"1","Topic 10: nation, unit, develop, world, intern 
"
"1"," "
"1","Topic 11: intern, will, unit, nation, countri 
"
"1"," "
"1","Topic 12: peopl, world, will, nation, must 
"
"1"," "
"1","Topic 13: countri, intern, develop, econom, nation 
"
"1"," "
"1","Topic 14: nation, countri, unit, state, will 
"
"1"," "
"1","Topic 15: nation, peac, develop, unit, africa 
"
"1"," "
"1","Topic 16: intern, nation, unit, develop, secur 
"
"1"," "
"1","Topic 17: world, nation, develop, intern, will 
"
"1"," "
"1","Topic 18: will, can, world, year, nuclear 
"
"1","."
"1","."
"1","."
"1","."
"1","."
"1","."
"1","."
"1","."
"1","."
"1","."
"1","."
"1","."
"1","."
"1","."
"1","."
"1","."
"1","."
"1","."
"1","."
"1","."
"1","."
"1","."
"1","."
"1","."
"1","."
"1","."
"1","."
"1","."
"1","."
"1","."
"1","."
"1","."
"1","."
"1","."
"1","."
"1","."
"1","."
"1","."
"1","."
"1","."
"1","."
"1","."
"1","."
"1","."
"1","."
"1","."
"1","."
"1","."
"1","."
"1","."
"1","."
"1","."
"1","."
"1","."
"1","."
"1","."
"1","."
"1","."
"1","."
"1","."
"1","."
"1","."
"1","."
"1","."
"1","."
"1","."
"1","."
"1","."
"1","."
"1","."
"1","."
"1","."
"1","."
"1","."
"1","."
"1","."
"1","."
"1","."
"1","."
"1","."
"1","."
"1","."
"1","."
"1","."
"1","."
"1","."
"1","."
"1","."
"1","."
"1","."
"1","."
"1","."
"1","."
"1","."
"1","."
"1","."
"1","."
"1","."
"1","."
"1","."
"1","
"
"1","Completed E-Step (17 seconds). 
"
"1","Completed M-Step. 
"
"1","Completing Iteration 11 (approx. per word bound = -7.178, relative change = 8.897e-05) 
"
"1","."
"1","."
"1","."
"1","."
"1","."
"1","."
"1","."
"1","."
"1","."
"1","."
"1","."
"1","."
"1","."
"1","."
"1","."
"1","."
"1","."
"1","."
"1","."
"1","."
"1","."
"1","."
"1","."
"1","."
"1","."
"1","."
"1","."
"1","."
"1","."
"1","."
"1","."
"1","."
"1","."
"1","."
"1","."
"1","."
"1","."
"1","."
"1","."
"1","."
"1","."
"1","."
"1","."
"1","."
"1","."
"1","."
"1","."
"1","."
"1","."
"1","."
"1","."
"1","."
"1","."
"1","."
"1","."
"1","."
"1","."
"1","."
"1","."
"1","."
"1","."
"1","."
"1","."
"1","."
"1","."
"1","."
"1","."
"1","."
"1","."
"1","."
"1","."
"1","."
"1","."
"1","."
"1","."
"1","."
"1","."
"1","."
"1","."
"1","."
"1","."
"1","."
"1","."
"1","."
"1","."
"1","."
"1","."
"1","."
"1","."
"1","."
"1","."
"1","."
"1","."
"1","."
"1","."
"1","."
"1","."
"1","."
"1","."
"1","."
"1","
"
"1","Completed E-Step (22 seconds). 
"
"1","Completed M-Step. 
"
"1","Completing Iteration 12 (approx. per word bound = -7.178, relative change = 7.475e-05) 
"
"1","."
"1","."
"1","."
"1","."
"1","."
"1","."
"1","."
"1","."
"1","."
"1","."
"1","."
"1","."
"1","."
"1","."
"1","."
"1","."
"1","."
"1","."
"1","."
"1","."
"1","."
"1","."
"1","."
"1","."
"1","."
"1","."
"1","."
"1","."
"1","."
"1","."
"1","."
"1","."
"1","."
"1","."
"1","."
"1","."
"1","."
"1","."
"1","."
"1","."
"1","."
"1","."
"1","."
"1","."
"1","."
"1","."
"1","."
"1","."
"1","."
"1","."
"1","."
"1","."
"1","."
"1","."
"1","."
"1","."
"1","."
"1","."
"1","."
"1","."
"1","."
"1","."
"1","."
"1","."
"1","."
"1","."
"1","."
"1","."
"1","."
"1","."
"1","."
"1","."
"1","."
"1","."
"1","."
"1","."
"1","."
"1","."
"1","."
"1","."
"1","."
"1","."
"1","."
"1","."
"1","."
"1","."
"1","."
"1","."
"1","."
"1","."
"1","."
"1","."
"1","."
"1","."
"1","."
"1","."
"1","."
"1","."
"1","."
"1","."
"1","
"
"1","Completed E-Step (22 seconds). 
"
"1","Completed M-Step. 
"
"1","Completing Iteration 13 (approx. per word bound = -7.177, relative change = 6.527e-05) 
"
"1","."
"1","."
"1","."
"1","."
"1","."
"1","."
"1","."
"1","."
"1","."
"1","."
"1","."
"1","."
"1","."
"1","."
"1","."
"1","."
"1","."
"1","."
"1","."
"1","."
"1","."
"1","."
"1","."
"1","."
"1","."
"1","."
"1","."
"1","."
"1","."
"1","."
"1","."
"1","."
"1","."
"1","."
"1","."
"1","."
"1","."
"1","."
"1","."
"1","."
"1","."
"1","."
"1","."
"1","."
"1","."
"1","."
"1","."
"1","."
"1","."
"1","."
"1","."
"1","."
"1","."
"1","."
"1","."
"1","."
"1","."
"1","."
"1","."
"1","."
"1","."
"1","."
"1","."
"1","."
"1","."
"1","."
"1","."
"1","."
"1","."
"1","."
"1","."
"1","."
"1","."
"1","."
"1","."
"1","."
"1","."
"1","."
"1","."
"1","."
"1","."
"1","."
"1","."
"1","."
"1","."
"1","."
"1","."
"1","."
"1","."
"1","."
"1","."
"1","."
"1","."
"1","."
"1","."
"1","."
"1","."
"1","."
"1","."
"1","."
"1","
"
"1","Completed E-Step (22 seconds). 
"
"1","Completed M-Step. 
"
"1","Completing Iteration 14 (approx. per word bound = -7.177, relative change = 5.979e-05) 
"
"1","."
"1","."
"1","."
"1","."
"1","."
"1","."
"1","."
"1","."
"1","."
"1","."
"1","."
"1","."
"1","."
"1","."
"1","."
"1","."
"1","."
"1","."
"1","."
"1","."
"1","."
"1","."
"1","."
"1","."
"1","."
"1","."
"1","."
"1","."
"1","."
"1","."
"1","."
"1","."
"1","."
"1","."
"1","."
"1","."
"1","."
"1","."
"1","."
"1","."
"1","."
"1","."
"1","."
"1","."
"1","."
"1","."
"1","."
"1","."
"1","."
"1","."
"1","."
"1","."
"1","."
"1","."
"1","."
"1","."
"1","."
"1","."
"1","."
"1","."
"1","."
"1","."
"1","."
"1","."
"1","."
"1","."
"1","."
"1","."
"1","."
"1","."
"1","."
"1","."
"1","."
"1","."
"1","."
"1","."
"1","."
"1","."
"1","."
"1","."
"1","."
"1","."
"1","."
"1","."
"1","."
"1","."
"1","."
"1","."
"1","."
"1","."
"1","."
"1","."
"1","."
"1","."
"1","."
"1","."
"1","."
"1","."
"1","."
"1","."
"1","
"
"1","Completed E-Step (29 seconds). 
"
"1","Completed M-Step. 
"
"1","Completing Iteration 15 (approx. per word bound = -7.176, relative change = 5.253e-05) 
"
"1","Topic 1: state, peac, intern, unit, peopl 
"
"1"," "
"1","Topic 2: develop, nation, countri, unit, global 
"
"1"," "
"1","Topic 3: peopl, countri, unit, state, struggl 
"
"1"," "
"1","Topic 4: nation, unit, state, world, intern 
"
"1"," "
"1","Topic 5: nation, unit, human, intern, secur 
"
"1"," "
"1","Topic 6: intern, secur, peac, countri, state 
"
"1"," "
"1","Topic 7: countri, intern, peac, develop, african 
"
"1"," "
"1","Topic 8: israel, peac, nation, intern, arab 
"
"1"," "
"1","Topic 9: countri, intern, develop, africa, south 
"
"1"," "
"1","Topic 10: nation, unit, develop, peac, countri 
"
"1"," "
"1","Topic 11: intern, will, unit, nation, peac 
"
"1"," "
"1","Topic 12: peopl, world, will, nation, must 
"
"1"," "
"1","Topic 13: countri, intern, develop, econom, peac 
"
"1"," "
"1","Topic 14: nation, countri, unit, state, will 
"
"1"," "
"1","Topic 15: nation, peac, develop, africa, countri 
"
"1"," "
"1","Topic 16: intern, nation, unit, develop, secur 
"
"1"," "
"1","Topic 17: world, develop, nation, intern, countri 
"
"1"," "
"1","Topic 18: will, can, world, year, one 
"
"1","."
"1","."
"1","."
"1","."
"1","."
"1","."
"1","."
"1","."
"1","."
"1","."
"1","."
"1","."
"1","."
"1","."
"1","."
"1","."
"1","."
"1","."
"1","."
"1","."
"1","."
"1","."
"1","."
"1","."
"1","."
"1","."
"1","."
"1","."
"1","."
"1","."
"1","."
"1","."
"1","."
"1","."
"1","."
"1","."
"1","."
"1","."
"1","."
"1","."
"1","."
"1","."
"1","."
"1","."
"1","."
"1","."
"1","."
"1","."
"1","."
"1","."
"1","."
"1","."
"1","."
"1","."
"1","."
"1","."
"1","."
"1","."
"1","."
"1","."
"1","."
"1","."
"1","."
"1","."
"1","."
"1","."
"1","."
"1","."
"1","."
"1","."
"1","."
"1","."
"1","."
"1","."
"1","."
"1","."
"1","."
"1","."
"1","."
"1","."
"1","."
"1","."
"1","."
"1","."
"1","."
"1","."
"1","."
"1","."
"1","."
"1","."
"1","."
"1","."
"1","."
"1","."
"1","."
"1","."
"1","."
"1","."
"1","."
"1","."
"1","
"
"1","Completed E-Step (19 seconds). 
"
"1","Completed M-Step. 
"
"1","Completing Iteration 16 (approx. per word bound = -7.176, relative change = 4.463e-05) 
"
"1","."
"1","."
"1","."
"1","."
"1","."
"1","."
"1","."
"1","."
"1","."
"1","."
"1","."
"1","."
"1","."
"1","."
"1","."
"1","."
"1","."
"1","."
"1","."
"1","."
"1","."
"1","."
"1","."
"1","."
"1","."
"1","."
"1","."
"1","."
"1","."
"1","."
"1","."
"1","."
"1","."
"1","."
"1","."
"1","."
"1","."
"1","."
"1","."
"1","."
"1","."
"1","."
"1","."
"1","."
"1","."
"1","."
"1","."
"1","."
"1","."
"1","."
"1","."
"1","."
"1","."
"1","."
"1","."
"1","."
"1","."
"1","."
"1","."
"1","."
"1","."
"1","."
"1","."
"1","."
"1","."
"1","."
"1","."
"1","."
"1","."
"1","."
"1","."
"1","."
"1","."
"1","."
"1","."
"1","."
"1","."
"1","."
"1","."
"1","."
"1","."
"1","."
"1","."
"1","."
"1","."
"1","."
"1","."
"1","."
"1","."
"1","."
"1","."
"1","."
"1","."
"1","."
"1","."
"1","."
"1","."
"1","."
"1","."
"1","."
"1","
"
"1","Completed E-Step (20 seconds). 
"
"1","Completed M-Step. 
"
"1","Completing Iteration 17 (approx. per word bound = -7.176, relative change = 3.979e-05) 
"
"1","."
"1","."
"1","."
"1","."
"1","."
"1","."
"1","."
"1","."
"1","."
"1","."
"1","."
"1","."
"1","."
"1","."
"1","."
"1","."
"1","."
"1","."
"1","."
"1","."
"1","."
"1","."
"1","."
"1","."
"1","."
"1","."
"1","."
"1","."
"1","."
"1","."
"1","."
"1","."
"1","."
"1","."
"1","."
"1","."
"1","."
"1","."
"1","."
"1","."
"1","."
"1","."
"1","."
"1","."
"1","."
"1","."
"1","."
"1","."
"1","."
"1","."
"1","."
"1","."
"1","."
"1","."
"1","."
"1","."
"1","."
"1","."
"1","."
"1","."
"1","."
"1","."
"1","."
"1","."
"1","."
"1","."
"1","."
"1","."
"1","."
"1","."
"1","."
"1","."
"1","."
"1","."
"1","."
"1","."
"1","."
"1","."
"1","."
"1","."
"1","."
"1","."
"1","."
"1","."
"1","."
"1","."
"1","."
"1","."
"1","."
"1","."
"1","."
"1","."
"1","."
"1","."
"1","."
"1","."
"1","."
"1","."
"1","."
"1","."
"1","
"
"1","Completed E-Step (28 seconds). 
"
"1","Completed M-Step. 
"
"1","Completing Iteration 18 (approx. per word bound = -7.176, relative change = 3.619e-05) 
"
"1","."
"1","."
"1","."
"1","."
"1","."
"1","."
"1","."
"1","."
"1","."
"1","."
"1","."
"1","."
"1","."
"1","."
"1","."
"1","."
"1","."
"1","."
"1","."
"1","."
"1","."
"1","."
"1","."
"1","."
"1","."
"1","."
"1","."
"1","."
"1","."
"1","."
"1","."
"1","."
"1","."
"1","."
"1","."
"1","."
"1","."
"1","."
"1","."
"1","."
"1","."
"1","."
"1","."
"1","."
"1","."
"1","."
"1","."
"1","."
"1","."
"1","."
"1","."
"1","."
"1","."
"1","."
"1","."
"1","."
"1","."
"1","."
"1","."
"1","."
"1","."
"1","."
"1","."
"1","."
"1","."
"1","."
"1","."
"1","."
"1","."
"1","."
"1","."
"1","."
"1","."
"1","."
"1","."
"1","."
"1","."
"1","."
"1","."
"1","."
"1","."
"1","."
"1","."
"1","."
"1","."
"1","."
"1","."
"1","."
"1","."
"1","."
"1","."
"1","."
"1","."
"1","."
"1","."
"1","."
"1","."
"1","."
"1","."
"1","."
"1","
"
"1","Completed E-Step (25 seconds). 
"
"1","Completed M-Step. 
"
"1","Completing Iteration 19 (approx. per word bound = -7.175, relative change = 3.335e-05) 
"
"1","."
"1","."
"1","."
"1","."
"1","."
"1","."
"1","."
"1","."
"1","."
"1","."
"1","."
"1","."
"1","."
"1","."
"1","."
"1","."
"1","."
"1","."
"1","."
"1","."
"1","."
"1","."
"1","."
"1","."
"1","."
"1","."
"1","."
"1","."
"1","."
"1","."
"1","."
"1","."
"1","."
"1","."
"1","."
"1","."
"1","."
"1","."
"1","."
"1","."
"1","."
"1","."
"1","."
"1","."
"1","."
"1","."
"1","."
"1","."
"1","."
"1","."
"1","."
"1","."
"1","."
"1","."
"1","."
"1","."
"1","."
"1","."
"1","."
"1","."
"1","."
"1","."
"1","."
"1","."
"1","."
"1","."
"1","."
"1","."
"1","."
"1","."
"1","."
"1","."
"1","."
"1","."
"1","."
"1","."
"1","."
"1","."
"1","."
"1","."
"1","."
"1","."
"1","."
"1","."
"1","."
"1","."
"1","."
"1","."
"1","."
"1","."
"1","."
"1","."
"1","."
"1","."
"1","."
"1","."
"1","."
"1","."
"1","."
"1","."
"1","
"
"1","Completed E-Step (18 seconds). 
"
"1","Completed M-Step. 
"
"1","Completing Iteration 20 (approx. per word bound = -7.175, relative change = 3.053e-05) 
"
"1","Topic 1: state, peac, unit, intern, nuclear 
"
"1"," "
"1","Topic 2: develop, nation, countri, unit, state 
"
"1"," "
"1","Topic 3: peopl, countri, unit, struggl, state 
"
"1"," "
"1","Topic 4: nation, unit, state, intern, world 
"
"1"," "
"1","Topic 5: unit, nation, human, secur, intern 
"
"1"," "
"1","Topic 6: intern, secur, peac, countri, state 
"
"1"," "
"1","Topic 7: countri, peac, intern, african, develop 
"
"1"," "
"1","Topic 8: israel, peac, nation, intern, state 
"
"1"," "
"1","Topic 9: countri, intern, develop, africa, south 
"
"1"," "
"1","Topic 10: nation, develop, unit, peac, countri 
"
"1"," "
"1","Topic 11: will, intern, unit, peac, communiti 
"
"1"," "
"1","Topic 12: peopl, world, will, nation, must 
"
"1"," "
"1","Topic 13: countri, intern, develop, peac, govern 
"
"1"," "
"1","Topic 14: nation, unit, countri, state, will 
"
"1"," "
"1","Topic 15: nation, develop, peac, africa, countri 
"
"1"," "
"1","Topic 16: intern, nation, unit, develop, countri 
"
"1"," "
"1","Topic 17: world, develop, intern, nation, countri 
"
"1"," "
"1","Topic 18: will, can, world, one, year 
"
"1","."
"1","."
"1","."
"1","."
"1","."
"1","."
"1","."
"1","."
"1","."
"1","."
"1","."
"1","."
"1","."
"1","."
"1","."
"1","."
"1","."
"1","."
"1","."
"1","."
"1","."
"1","."
"1","."
"1","."
"1","."
"1","."
"1","."
"1","."
"1","."
"1","."
"1","."
"1","."
"1","."
"1","."
"1","."
"1","."
"1","."
"1","."
"1","."
"1","."
"1","."
"1","."
"1","."
"1","."
"1","."
"1","."
"1","."
"1","."
"1","."
"1","."
"1","."
"1","."
"1","."
"1","."
"1","."
"1","."
"1","."
"1","."
"1","."
"1","."
"1","."
"1","."
"1","."
"1","."
"1","."
"1","."
"1","."
"1","."
"1","."
"1","."
"1","."
"1","."
"1","."
"1","."
"1","."
"1","."
"1","."
"1","."
"1","."
"1","."
"1","."
"1","."
"1","."
"1","."
"1","."
"1","."
"1","."
"1","."
"1","."
"1","."
"1","."
"1","."
"1","."
"1","."
"1","."
"1","."
"1","."
"1","."
"1","."
"1","."
"1","
"
"1","Completed E-Step (20 seconds). 
"
"1","Completed M-Step. 
"
"1","Completing Iteration 21 (approx. per word bound = -7.175, relative change = 2.771e-05) 
"
"1","."
"1","."
"1","."
"1","."
"1","."
"1","."
"1","."
"1","."
"1","."
"1","."
"1","."
"1","."
"1","."
"1","."
"1","."
"1","."
"1","."
"1","."
"1","."
"1","."
"1","."
"1","."
"1","."
"1","."
"1","."
"1","."
"1","."
"1","."
"1","."
"1","."
"1","."
"1","."
"1","."
"1","."
"1","."
"1","."
"1","."
"1","."
"1","."
"1","."
"1","."
"1","."
"1","."
"1","."
"1","."
"1","."
"1","."
"1","."
"1","."
"1","."
"1","."
"1","."
"1","."
"1","."
"1","."
"1","."
"1","."
"1","."
"1","."
"1","."
"1","."
"1","."
"1","."
"1","."
"1","."
"1","."
"1","."
"1","."
"1","."
"1","."
"1","."
"1","."
"1","."
"1","."
"1","."
"1","."
"1","."
"1","."
"1","."
"1","."
"1","."
"1","."
"1","."
"1","."
"1","."
"1","."
"1","."
"1","."
"1","."
"1","."
"1","."
"1","."
"1","."
"1","."
"1","."
"1","."
"1","."
"1","."
"1","."
"1","."
"1","
"
"1","Completed E-Step (19 seconds). 
"
"1","Completed M-Step. 
"
"1","Completing Iteration 22 (approx. per word bound = -7.175, relative change = 2.591e-05) 
"
"1","."
"1","."
"1","."
"1","."
"1","."
"1","."
"1","."
"1","."
"1","."
"1","."
"1","."
"1","."
"1","."
"1","."
"1","."
"1","."
"1","."
"1","."
"1","."
"1","."
"1","."
"1","."
"1","."
"1","."
"1","."
"1","."
"1","."
"1","."
"1","."
"1","."
"1","."
"1","."
"1","."
"1","."
"1","."
"1","."
"1","."
"1","."
"1","."
"1","."
"1","."
"1","."
"1","."
"1","."
"1","."
"1","."
"1","."
"1","."
"1","."
"1","."
"1","."
"1","."
"1","."
"1","."
"1","."
"1","."
"1","."
"1","."
"1","."
"1","."
"1","."
"1","."
"1","."
"1","."
"1","."
"1","."
"1","."
"1","."
"1","."
"1","."
"1","."
"1","."
"1","."
"1","."
"1","."
"1","."
"1","."
"1","."
"1","."
"1","."
"1","."
"1","."
"1","."
"1","."
"1","."
"1","."
"1","."
"1","."
"1","."
"1","."
"1","."
"1","."
"1","."
"1","."
"1","."
"1","."
"1","."
"1","."
"1","."
"1","."
"1","
"
"1","Completed E-Step (16 seconds). 
"
"1","Completed M-Step. 
"
"1","Completing Iteration 23 (approx. per word bound = -7.175, relative change = 2.391e-05) 
"
"1","."
"1","."
"1","."
"1","."
"1","."
"1","."
"1","."
"1","."
"1","."
"1","."
"1","."
"1","."
"1","."
"1","."
"1","."
"1","."
"1","."
"1","."
"1","."
"1","."
"1","."
"1","."
"1","."
"1","."
"1","."
"1","."
"1","."
"1","."
"1","."
"1","."
"1","."
"1","."
"1","."
"1","."
"1","."
"1","."
"1","."
"1","."
"1","."
"1","."
"1","."
"1","."
"1","."
"1","."
"1","."
"1","."
"1","."
"1","."
"1","."
"1","."
"1","."
"1","."
"1","."
"1","."
"1","."
"1","."
"1","."
"1","."
"1","."
"1","."
"1","."
"1","."
"1","."
"1","."
"1","."
"1","."
"1","."
"1","."
"1","."
"1","."
"1","."
"1","."
"1","."
"1","."
"1","."
"1","."
"1","."
"1","."
"1","."
"1","."
"1","."
"1","."
"1","."
"1","."
"1","."
"1","."
"1","."
"1","."
"1","."
"1","."
"1","."
"1","."
"1","."
"1","."
"1","."
"1","."
"1","."
"1","."
"1","."
"1","."
"1","
"
"1","Completed E-Step (18 seconds). 
"
"1","Completed M-Step. 
"
"1","Completing Iteration 24 (approx. per word bound = -7.174, relative change = 2.226e-05) 
"
"1","."
"1","."
"1","."
"1","."
"1","."
"1","."
"1","."
"1","."
"1","."
"1","."
"1","."
"1","."
"1","."
"1","."
"1","."
"1","."
"1","."
"1","."
"1","."
"1","."
"1","."
"1","."
"1","."
"1","."
"1","."
"1","."
"1","."
"1","."
"1","."
"1","."
"1","."
"1","."
"1","."
"1","."
"1","."
"1","."
"1","."
"1","."
"1","."
"1","."
"1","."
"1","."
"1","."
"1","."
"1","."
"1","."
"1","."
"1","."
"1","."
"1","."
"1","."
"1","."
"1","."
"1","."
"1","."
"1","."
"1","."
"1","."
"1","."
"1","."
"1","."
"1","."
"1","."
"1","."
"1","."
"1","."
"1","."
"1","."
"1","."
"1","."
"1","."
"1","."
"1","."
"1","."
"1","."
"1","."
"1","."
"1","."
"1","."
"1","."
"1","."
"1","."
"1","."
"1","."
"1","."
"1","."
"1","."
"1","."
"1","."
"1","."
"1","."
"1","."
"1","."
"1","."
"1","."
"1","."
"1","."
"1","."
"1","."
"1","."
"1","
"
"1","Completed E-Step (17 seconds). 
"
"1","Completed M-Step. 
"
"1","Completing Iteration 25 (approx. per word bound = -7.174, relative change = 2.044e-05) 
"
"1","Topic 1: state, peac, unit, intern, nuclear 
"
"1"," "
"1","Topic 2: develop, nation, countri, state, global 
"
"1"," "
"1","Topic 3: peopl, countri, unit, struggl, state 
"
"1"," "
"1","Topic 4: nation, unit, state, intern, europ 
"
"1"," "
"1","Topic 5: unit, nation, secur, intern, human 
"
"1"," "
"1","Topic 6: intern, secur, peac, state, countri 
"
"1"," "
"1","Topic 7: countri, peac, intern, african, develop 
"
"1"," "
"1","Topic 8: israel, peac, nation, intern, state 
"
"1"," "
"1","Topic 9: countri, intern, develop, africa, south 
"
"1"," "
"1","Topic 10: nation, develop, unit, countri, peac 
"
"1"," "
"1","Topic 11: will, intern, unit, peac, communiti 
"
"1"," "
"1","Topic 12: peopl, world, will, nation, must 
"
"1"," "
"1","Topic 13: countri, intern, peac, govern, develop 
"
"1"," "
"1","Topic 14: nation, unit, countri, state, will 
"
"1"," "
"1","Topic 15: nation, develop, peac, africa, countri 
"
"1"," "
"1","Topic 16: intern, nation, develop, unit, countri 
"
"1"," "
"1","Topic 17: world, develop, intern, nation, countri 
"
"1"," "
"1","Topic 18: will, can, world, one, year 
"
"1","."
"1","."
"1","."
"1","."
"1","."
"1","."
"1","."
"1","."
"1","."
"1","."
"1","."
"1","."
"1","."
"1","."
"1","."
"1","."
"1","."
"1","."
"1","."
"1","."
"1","."
"1","."
"1","."
"1","."
"1","."
"1","."
"1","."
"1","."
"1","."
"1","."
"1","."
"1","."
"1","."
"1","."
"1","."
"1","."
"1","."
"1","."
"1","."
"1","."
"1","."
"1","."
"1","."
"1","."
"1","."
"1","."
"1","."
"1","."
"1","."
"1","."
"1","."
"1","."
"1","."
"1","."
"1","."
"1","."
"1","."
"1","."
"1","."
"1","."
"1","."
"1","."
"1","."
"1","."
"1","."
"1","."
"1","."
"1","."
"1","."
"1","."
"1","."
"1","."
"1","."
"1","."
"1","."
"1","."
"1","."
"1","."
"1","."
"1","."
"1","."
"1","."
"1","."
"1","."
"1","."
"1","."
"1","."
"1","."
"1","."
"1","."
"1","."
"1","."
"1","."
"1","."
"1","."
"1","."
"1","."
"1","."
"1","."
"1","."
"1","
"
"1","Completed E-Step (18 seconds). 
"
"1","Completed M-Step. 
"
"1","Completing Iteration 26 (approx. per word bound = -7.174, relative change = 1.918e-05) 
"
"1","."
"1","."
"1","."
"1","."
"1","."
"1","."
"1","."
"1","."
"1","."
"1","."
"1","."
"1","."
"1","."
"1","."
"1","."
"1","."
"1","."
"1","."
"1","."
"1","."
"1","."
"1","."
"1","."
"1","."
"1","."
"1","."
"1","."
"1","."
"1","."
"1","."
"1","."
"1","."
"1","."
"1","."
"1","."
"1","."
"1","."
"1","."
"1","."
"1","."
"1","."
"1","."
"1","."
"1","."
"1","."
"1","."
"1","."
"1","."
"1","."
"1","."
"1","."
"1","."
"1","."
"1","."
"1","."
"1","."
"1","."
"1","."
"1","."
"1","."
"1","."
"1","."
"1","."
"1","."
"1","."
"1","."
"1","."
"1","."
"1","."
"1","."
"1","."
"1","."
"1","."
"1","."
"1","."
"1","."
"1","."
"1","."
"1","."
"1","."
"1","."
"1","."
"1","."
"1","."
"1","."
"1","."
"1","."
"1","."
"1","."
"1","."
"1","."
"1","."
"1","."
"1","."
"1","."
"1","."
"1","."
"1","."
"1","."
"1","."
"1","
"
"1","Completed E-Step (21 seconds). 
"
"1","Completed M-Step. 
"
"1","Completing Iteration 27 (approx. per word bound = -7.174, relative change = 1.752e-05) 
"
"1","."
"1","."
"1","."
"1","."
"1","."
"1","."
"1","."
"1","."
"1","."
"1","."
"1","."
"1","."
"1","."
"1","."
"1","."
"1","."
"1","."
"1","."
"1","."
"1","."
"1","."
"1","."
"1","."
"1","."
"1","."
"1","."
"1","."
"1","."
"1","."
"1","."
"1","."
"1","."
"1","."
"1","."
"1","."
"1","."
"1","."
"1","."
"1","."
"1","."
"1","."
"1","."
"1","."
"1","."
"1","."
"1","."
"1","."
"1","."
"1","."
"1","."
"1","."
"1","."
"1","."
"1","."
"1","."
"1","."
"1","."
"1","."
"1","."
"1","."
"1","."
"1","."
"1","."
"1","."
"1","."
"1","."
"1","."
"1","."
"1","."
"1","."
"1","."
"1","."
"1","."
"1","."
"1","."
"1","."
"1","."
"1","."
"1","."
"1","."
"1","."
"1","."
"1","."
"1","."
"1","."
"1","."
"1","."
"1","."
"1","."
"1","."
"1","."
"1","."
"1","."
"1","."
"1","."
"1","."
"1","."
"1","."
"1","."
"1","."
"1","
"
"1","Completed E-Step (15 seconds). 
"
"1","Completed M-Step. 
"
"1","Completing Iteration 28 (approx. per word bound = -7.174, relative change = 1.697e-05) 
"
"1","."
"1","."
"1","."
"1","."
"1","."
"1","."
"1","."
"1","."
"1","."
"1","."
"1","."
"1","."
"1","."
"1","."
"1","."
"1","."
"1","."
"1","."
"1","."
"1","."
"1","."
"1","."
"1","."
"1","."
"1","."
"1","."
"1","."
"1","."
"1","."
"1","."
"1","."
"1","."
"1","."
"1","."
"1","."
"1","."
"1","."
"1","."
"1","."
"1","."
"1","."
"1","."
"1","."
"1","."
"1","."
"1","."
"1","."
"1","."
"1","."
"1","."
"1","."
"1","."
"1","."
"1","."
"1","."
"1","."
"1","."
"1","."
"1","."
"1","."
"1","."
"1","."
"1","."
"1","."
"1","."
"1","."
"1","."
"1","."
"1","."
"1","."
"1","."
"1","."
"1","."
"1","."
"1","."
"1","."
"1","."
"1","."
"1","."
"1","."
"1","."
"1","."
"1","."
"1","."
"1","."
"1","."
"1","."
"1","."
"1","."
"1","."
"1","."
"1","."
"1","."
"1","."
"1","."
"1","."
"1","."
"1","."
"1","."
"1","."
"1","
"
"1","Completed E-Step (15 seconds). 
"
"1","Completed M-Step. 
"
"1","Completing Iteration 29 (approx. per word bound = -7.174, relative change = 1.559e-05) 
"
"1","."
"1","."
"1","."
"1","."
"1","."
"1","."
"1","."
"1","."
"1","."
"1","."
"1","."
"1","."
"1","."
"1","."
"1","."
"1","."
"1","."
"1","."
"1","."
"1","."
"1","."
"1","."
"1","."
"1","."
"1","."
"1","."
"1","."
"1","."
"1","."
"1","."
"1","."
"1","."
"1","."
"1","."
"1","."
"1","."
"1","."
"1","."
"1","."
"1","."
"1","."
"1","."
"1","."
"1","."
"1","."
"1","."
"1","."
"1","."
"1","."
"1","."
"1","."
"1","."
"1","."
"1","."
"1","."
"1","."
"1","."
"1","."
"1","."
"1","."
"1","."
"1","."
"1","."
"1","."
"1","."
"1","."
"1","."
"1","."
"1","."
"1","."
"1","."
"1","."
"1","."
"1","."
"1","."
"1","."
"1","."
"1","."
"1","."
"1","."
"1","."
"1","."
"1","."
"1","."
"1","."
"1","."
"1","."
"1","."
"1","."
"1","."
"1","."
"1","."
"1","."
"1","."
"1","."
"1","."
"1","."
"1","."
"1","."
"1","."
"1","
"
"1","Completed E-Step (15 seconds). 
"
"1","Completed M-Step. 
"
"1","Completing Iteration 30 (approx. per word bound = -7.174, relative change = 1.419e-05) 
"
"1","Topic 1: state, peac, unit, intern, nuclear 
"
"1"," "
"1","Topic 2: develop, nation, countri, state, global 
"
"1"," "
"1","Topic 3: peopl, countri, unit, struggl, state 
"
"1"," "
"1","Topic 4: nation, unit, state, intern, right 
"
"1"," "
"1","Topic 5: unit, nation, secur, intern, human 
"
"1"," "
"1","Topic 6: intern, secur, peac, state, countri 
"
"1"," "
"1","Topic 7: countri, peac, intern, african, develop 
"
"1"," "
"1","Topic 8: israel, peac, nation, state, intern 
"
"1"," "
"1","Topic 9: countri, intern, africa, develop, south 
"
"1"," "
"1","Topic 10: nation, develop, unit, countri, peac 
"
"1"," "
"1","Topic 11: will, intern, unit, peac, communiti 
"
"1"," "
"1","Topic 12: peopl, world, will, nation, human 
"
"1"," "
"1","Topic 13: countri, intern, govern, peac, america 
"
"1"," "
"1","Topic 14: nation, unit, will, state, countri 
"
"1"," "
"1","Topic 15: nation, develop, peac, africa, countri 
"
"1"," "
"1","Topic 16: intern, nation, develop, unit, countri 
"
"1"," "
"1","Topic 17: world, develop, intern, nation, countri 
"
"1"," "
"1","Topic 18: will, can, world, one, unit 
"
"1","."
"1","."
"1","."
"1","."
"1","."
"1","."
"1","."
"1","."
"1","."
"1","."
"1","."
"1","."
"1","."
"1","."
"1","."
"1","."
"1","."
"1","."
"1","."
"1","."
"1","."
"1","."
"1","."
"1","."
"1","."
"1","."
"1","."
"1","."
"1","."
"1","."
"1","."
"1","."
"1","."
"1","."
"1","."
"1","."
"1","."
"1","."
"1","."
"1","."
"1","."
"1","."
"1","."
"1","."
"1","."
"1","."
"1","."
"1","."
"1","."
"1","."
"1","."
"1","."
"1","."
"1","."
"1","."
"1","."
"1","."
"1","."
"1","."
"1","."
"1","."
"1","."
"1","."
"1","."
"1","."
"1","."
"1","."
"1","."
"1","."
"1","."
"1","."
"1","."
"1","."
"1","."
"1","."
"1","."
"1","."
"1","."
"1","."
"1","."
"1","."
"1","."
"1","."
"1","."
"1","."
"1","."
"1","."
"1","."
"1","."
"1","."
"1","."
"1","."
"1","."
"1","."
"1","."
"1","."
"1","."
"1","."
"1","."
"1","."
"1","
"
"1","Completed E-Step (16 seconds). 
"
"1","Completed M-Step. 
"
"1","Completing Iteration 31 (approx. per word bound = -7.174, relative change = 1.376e-05) 
"
"1","."
"1","."
"1","."
"1","."
"1","."
"1","."
"1","."
"1","."
"1","."
"1","."
"1","."
"1","."
"1","."
"1","."
"1","."
"1","."
"1","."
"1","."
"1","."
"1","."
"1","."
"1","."
"1","."
"1","."
"1","."
"1","."
"1","."
"1","."
"1","."
"1","."
"1","."
"1","."
"1","."
"1","."
"1","."
"1","."
"1","."
"1","."
"1","."
"1","."
"1","."
"1","."
"1","."
"1","."
"1","."
"1","."
"1","."
"1","."
"1","."
"1","."
"1","."
"1","."
"1","."
"1","."
"1","."
"1","."
"1","."
"1","."
"1","."
"1","."
"1","."
"1","."
"1","."
"1","."
"1","."
"1","."
"1","."
"1","."
"1","."
"1","."
"1","."
"1","."
"1","."
"1","."
"1","."
"1","."
"1","."
"1","."
"1","."
"1","."
"1","."
"1","."
"1","."
"1","."
"1","."
"1","."
"1","."
"1","."
"1","."
"1","."
"1","."
"1","."
"1","."
"1","."
"1","."
"1","."
"1","."
"1","."
"1","."
"1","."
"1","
"
"1","Completed E-Step (15 seconds). 
"
"1","Completed M-Step. 
"
"1","Completing Iteration 32 (approx. per word bound = -7.173, relative change = 1.268e-05) 
"
"1","."
"1","."
"1","."
"1","."
"1","."
"1","."
"1","."
"1","."
"1","."
"1","."
"1","."
"1","."
"1","."
"1","."
"1","."
"1","."
"1","."
"1","."
"1","."
"1","."
"1","."
"1","."
"1","."
"1","."
"1","."
"1","."
"1","."
"1","."
"1","."
"1","."
"1","."
"1","."
"1","."
"1","."
"1","."
"1","."
"1","."
"1","."
"1","."
"1","."
"1","."
"1","."
"1","."
"1","."
"1","."
"1","."
"1","."
"1","."
"1","."
"1","."
"1","."
"1","."
"1","."
"1","."
"1","."
"1","."
"1","."
"1","."
"1","."
"1","."
"1","."
"1","."
"1","."
"1","."
"1","."
"1","."
"1","."
"1","."
"1","."
"1","."
"1","."
"1","."
"1","."
"1","."
"1","."
"1","."
"1","."
"1","."
"1","."
"1","."
"1","."
"1","."
"1","."
"1","."
"1","."
"1","."
"1","."
"1","."
"1","."
"1","."
"1","."
"1","."
"1","."
"1","."
"1","."
"1","."
"1","."
"1","."
"1","."
"1","."
"1","
"
"1","Completed E-Step (15 seconds). 
"
"1","Completed M-Step. 
"
"1","Completing Iteration 33 (approx. per word bound = -7.173, relative change = 1.163e-05) 
"
"1","."
"1","."
"1","."
"1","."
"1","."
"1","."
"1","."
"1","."
"1","."
"1","."
"1","."
"1","."
"1","."
"1","."
"1","."
"1","."
"1","."
"1","."
"1","."
"1","."
"1","."
"1","."
"1","."
"1","."
"1","."
"1","."
"1","."
"1","."
"1","."
"1","."
"1","."
"1","."
"1","."
"1","."
"1","."
"1","."
"1","."
"1","."
"1","."
"1","."
"1","."
"1","."
"1","."
"1","."
"1","."
"1","."
"1","."
"1","."
"1","."
"1","."
"1","."
"1","."
"1","."
"1","."
"1","."
"1","."
"1","."
"1","."
"1","."
"1","."
"1","."
"1","."
"1","."
"1","."
"1","."
"1","."
"1","."
"1","."
"1","."
"1","."
"1","."
"1","."
"1","."
"1","."
"1","."
"1","."
"1","."
"1","."
"1","."
"1","."
"1","."
"1","."
"1","."
"1","."
"1","."
"1","."
"1","."
"1","."
"1","."
"1","."
"1","."
"1","."
"1","."
"1","."
"1","."
"1","."
"1","."
"1","."
"1","."
"1","."
"1","
"
"1","Completed E-Step (15 seconds). 
"
"1","Completed M-Step. 
"
"1","Completing Iteration 34 (approx. per word bound = -7.173, relative change = 1.124e-05) 
"
"1","."
"1","."
"1","."
"1","."
"1","."
"1","."
"1","."
"1","."
"1","."
"1","."
"1","."
"1","."
"1","."
"1","."
"1","."
"1","."
"1","."
"1","."
"1","."
"1","."
"1","."
"1","."
"1","."
"1","."
"1","."
"1","."
"1","."
"1","."
"1","."
"1","."
"1","."
"1","."
"1","."
"1","."
"1","."
"1","."
"1","."
"1","."
"1","."
"1","."
"1","."
"1","."
"1","."
"1","."
"1","."
"1","."
"1","."
"1","."
"1","."
"1","."
"1","."
"1","."
"1","."
"1","."
"1","."
"1","."
"1","."
"1","."
"1","."
"1","."
"1","."
"1","."
"1","."
"1","."
"1","."
"1","."
"1","."
"1","."
"1","."
"1","."
"1","."
"1","."
"1","."
"1","."
"1","."
"1","."
"1","."
"1","."
"1","."
"1","."
"1","."
"1","."
"1","."
"1","."
"1","."
"1","."
"1","."
"1","."
"1","."
"1","."
"1","."
"1","."
"1","."
"1","."
"1","."
"1","."
"1","."
"1","."
"1","."
"1","."
"1","
"
"1","Completed E-Step (15 seconds). 
"
"1","Completed M-Step. 
"
"1","Completing Iteration 35 (approx. per word bound = -7.173, relative change = 1.050e-05) 
"
"1","Topic 1: state, peac, unit, intern, nuclear 
"
"1"," "
"1","Topic 2: develop, nation, countri, state, island 
"
"1"," "
"1","Topic 3: peopl, countri, unit, struggl, state 
"
"1"," "
"1","Topic 4: nation, unit, state, intern, right 
"
"1"," "
"1","Topic 5: unit, nation, secur, intern, human 
"
"1"," "
"1","Topic 6: intern, peac, secur, state, countri 
"
"1"," "
"1","Topic 7: countri, peac, intern, african, develop 
"
"1"," "
"1","Topic 8: israel, peac, nation, state, unit 
"
"1"," "
"1","Topic 9: countri, intern, africa, develop, south 
"
"1"," "
"1","Topic 10: nation, develop, unit, countri, peac 
"
"1"," "
"1","Topic 11: will, unit, intern, peac, communiti 
"
"1"," "
"1","Topic 12: peopl, world, will, nation, human 
"
"1"," "
"1","Topic 13: countri, intern, govern, peac, state 
"
"1"," "
"1","Topic 14: nation, unit, will, state, countri 
"
"1"," "
"1","Topic 15: nation, develop, peac, africa, countri 
"
"1"," "
"1","Topic 16: intern, nation, develop, unit, countri 
"
"1"," "
"1","Topic 17: world, develop, intern, countri, nation 
"
"1"," "
"1","Topic 18: will, world, can, one, countri 
"
"1","."
"1","."
"1","."
"1","."
"1","."
"1","."
"1","."
"1","."
"1","."
"1","."
"1","."
"1","."
"1","."
"1","."
"1","."
"1","."
"1","."
"1","."
"1","."
"1","."
"1","."
"1","."
"1","."
"1","."
"1","."
"1","."
"1","."
"1","."
"1","."
"1","."
"1","."
"1","."
"1","."
"1","."
"1","."
"1","."
"1","."
"1","."
"1","."
"1","."
"1","."
"1","."
"1","."
"1","."
"1","."
"1","."
"1","."
"1","."
"1","."
"1","."
"1","."
"1","."
"1","."
"1","."
"1","."
"1","."
"1","."
"1","."
"1","."
"1","."
"1","."
"1","."
"1","."
"1","."
"1","."
"1","."
"1","."
"1","."
"1","."
"1","."
"1","."
"1","."
"1","."
"1","."
"1","."
"1","."
"1","."
"1","."
"1","."
"1","."
"1","."
"1","."
"1","."
"1","."
"1","."
"1","."
"1","."
"1","."
"1","."
"1","."
"1","."
"1","."
"1","."
"1","."
"1","."
"1","."
"1","."
"1","."
"1","."
"1","."
"1","
"
"1","Completed E-Step (24 seconds). 
"
"1","Completed M-Step. 
"
"1","Model Converged 
"
